{
    "timestamp": "2025-03-15T22:07:54.322379",
    "metrics": {
        "accuracy": 1.0,
        "val_accuracy": 1.0,
        "loss": 0.019780229777097702,
        "val_loss": 0.016942869871854782,
        "auc": 0.0,
        "val_auc": 0.0
    },
    "training_duration": 50,
    "early_stopping": false,
    "convergence": {
        "final_epoch": 50,
        "best_val_loss": 0.016942869871854782,
        "best_val_accuracy": 1.0,
        "best_val_auc": 0.0
    }
}