{
    "timestamp": "2025-03-15T20:25:32.807500",
    "metrics": {
        "accuracy": 1.0,
        "val_accuracy": 1.0,
        "loss": 0.019676920026540756,
        "val_loss": 0.017133643850684166,
        "auc": 0.0,
        "val_auc": 0.0
    },
    "training_duration": 50,
    "early_stopping": false,
    "convergence": {
        "final_epoch": 50,
        "best_val_loss": 0.017133643850684166,
        "best_val_accuracy": 1.0,
        "best_val_auc": 0.0
    }
}