{
    "timestamp": "2025-03-15T23:16:52.029158",
    "metrics": {
        "accuracy": 1.0,
        "val_accuracy": 1.0,
        "loss": 0.013327878899872303,
        "val_loss": 0.011171643622219563,
        "auc": 0.0,
        "val_auc": 0.0
    },
    "training_duration": 50,
    "early_stopping": false,
    "convergence": {
        "final_epoch": 50,
        "best_val_loss": 0.011171643622219563,
        "best_val_accuracy": 1.0,
        "best_val_auc": 0.0
    }
}