{
    "timestamp": "2025-03-15T22:28:09.093980",
    "metrics": {
        "accuracy": 1.0,
        "val_accuracy": 1.0,
        "loss": 0.009667466394603252,
        "val_loss": 0.008624403737485409,
        "auc": 0.0,
        "val_auc": 0.0
    },
    "training_duration": 50,
    "early_stopping": false,
    "convergence": {
        "final_epoch": 50,
        "best_val_loss": 0.008624403737485409,
        "best_val_accuracy": 1.0,
        "best_val_auc": 0.0
    }
}