{
    "timestamp": "2025-03-15T22:46:08.805610",
    "metrics": {
        "accuracy": 1.0,
        "val_accuracy": 1.0,
        "loss": 0.02269846946001053,
        "val_loss": 0.018369553610682487,
        "auc": 0.0,
        "val_auc": 0.0
    },
    "training_duration": 50,
    "early_stopping": false,
    "convergence": {
        "final_epoch": 50,
        "best_val_loss": 0.018369553610682487,
        "best_val_accuracy": 1.0,
        "best_val_auc": 0.0
    }
}