{
    "timestamp": "2025-03-15T20:08:14.105501",
    "metrics": {
        "accuracy": 1.0,
        "val_accuracy": 1.0,
        "loss": 6.113468202784134e-07,
        "val_loss": 1.440811416841825e-07
    },
    "training_duration": 100,
    "early_stopping": false
}