{
    "timestamp": "2025-03-15T22:20:09.277470",
    "metrics": {
        "accuracy": 1.0,
        "val_accuracy": 1.0,
        "loss": 0.02217024937272072,
        "val_loss": 0.018923569470643997,
        "auc": 0.0,
        "val_auc": 0.0
    },
    "training_duration": 50,
    "early_stopping": false,
    "convergence": {
        "final_epoch": 50,
        "best_val_loss": 0.018923569470643997,
        "best_val_accuracy": 1.0,
        "best_val_auc": 0.0
    }
}