{
    "timestamp": "2025-03-15T20:19:47.076548",
    "metrics": {
        "accuracy": 1.0,
        "val_accuracy": 1.0,
        "loss": 0.02396836318075657,
        "val_loss": 0.018971454352140427,
        "auc": 0.0,
        "val_auc": 0.0
    },
    "training_duration": 50,
    "early_stopping": false,
    "convergence": {
        "final_epoch": 50,
        "best_val_loss": 0.018971454352140427,
        "best_val_accuracy": 1.0,
        "best_val_auc": 0.0
    }
}