{
    "timestamp": "2025-03-15T20:47:54.178808",
    "metrics": {
        "accuracy": 1.0,
        "val_accuracy": 1.0,
        "loss": 0.022237135097384453,
        "val_loss": 0.01770603656768799,
        "auc": 0.0,
        "val_auc": 0.0
    },
    "training_duration": 50,
    "early_stopping": false,
    "convergence": {
        "final_epoch": 50,
        "best_val_loss": 0.01770603656768799,
        "best_val_accuracy": 1.0,
        "best_val_auc": 0.0
    }
}