{
    "timestamp": "2025-03-15T22:51:13.325320",
    "metrics": {
        "accuracy": 1.0,
        "val_accuracy": 1.0,
        "loss": 0.014736765064299107,
        "val_loss": 0.012423285283148289,
        "auc": 0.0,
        "val_auc": 0.0
    },
    "training_duration": 50,
    "early_stopping": false,
    "convergence": {
        "final_epoch": 50,
        "best_val_loss": 0.012423285283148289,
        "best_val_accuracy": 1.0,
        "best_val_auc": 0.0
    }
}