{
  "accuracy": [
    0.903105616569519,
    1.0,
    1.0,
    1.0,
    1.0,
    1.0,
    1.0,
    1.0,
    1.0,
    1.0,
    1.0,
    1.0,
    1.0,
    1.0,
    1.0,
    1.0,
    1.0,
    1.0,
    1.0,
    1.0,
    1.0,
    1.0,
    1.0,
    1.0,
    1.0,
    1.0,
    1.0,
    1.0,
    1.0,
    1.0,
    1.0,
    1.0,
    1.0,
    1.0,
    1.0,
    1.0,
    1.0,
    1.0,
    1.0,
    1.0,
    1.0,
    1.0,
    1.0,
    1.0,
    1.0,
    1.0,
    1.0,
    1.0,
    1.0,
    1.0
  ],
  "val_accuracy": [
    1.0,
    1.0,
    1.0,
    1.0,
    1.0,
    1.0,
    1.0,
    1.0,
    1.0,
    1.0,
    1.0,
    1.0,
    1.0,
    1.0,
    1.0,
    1.0,
    1.0,
    1.0,
    1.0,
    1.0,
    1.0,
    1.0,
    1.0,
    1.0,
    1.0,
    1.0,
    1.0,
    1.0,
    1.0,
    1.0,
    1.0,
    1.0,
    1.0,
    1.0,
    1.0,
    1.0,
    1.0,
    1.0,
    1.0,
    1.0,
    1.0,
    1.0,
    1.0,
    1.0,
    1.0,
    1.0,
    1.0,
    1.0,
    1.0,
    1.0
  ],
  "loss": [
    1.2211426496505737,
    0.8665089011192322,
    0.6675440073013306,
    0.5284752249717712,
    0.43974125385284424,
    0.36633938550949097,
    0.30647164583206177,
    0.2651914656162262,
    0.22426052391529083,
    0.19767718017101288,
    0.17322318255901337,
    0.15252147614955902,
    0.13484135270118713,
    0.12128650397062302,
    0.10784465819597244,
    0.09662304818630219,
    0.08643794804811478,
    0.08156481385231018,
    0.07620158046483994,
    0.06907928735017776,
    0.06446575373411179,
    0.05930322781205177,
    0.05458948016166687,
    0.05156495049595833,
    0.04835870489478111,
    0.04593924432992935,
    0.04253128170967102,
    0.038561977446079254,
    0.03655790165066719,
    0.036789968609809875,
    0.03501091152429581,
    0.03299049288034439,
    0.030107775703072548,
    0.029237328097224236,
    0.028791215270757675,
    0.02692178450524807,
    0.026031900197267532,
    0.024949928745627403,
    0.02441752701997757,
    0.023756034672260284,
    0.021977517753839493,
    0.021785451099276543,
    0.021380377933382988,
    0.020956097170710564,
    0.019630085676908493,
    0.018739232793450356,
    0.019200719892978668,
    0.018651548773050308,
    0.017485998570919037,
    0.0173494815826416
  ],
  "val_loss": [
    0.9555552005767822,
    0.7013207674026489,
    0.5508314371109009,
    0.4492194950580597,
    0.3731740713119507,
    0.31330564618110657,
    0.26546332240104675,
    0.2266298085451126,
    0.194957435131073,
    0.16890758275985718,
    0.14735618233680725,
    0.1294657588005066,
    0.11444717645645142,
    0.10187990218400955,
    0.09120993316173553,
    0.08216208219528198,
    0.07439430803060532,
    0.06772048771381378,
    0.061946943402290344,
    0.0568663589656353,
    0.052467748522758484,
    0.04852961003780365,
    0.04499877244234085,
    0.04187745228409767,
    0.03916427865624428,
    0.036714375019073486,
    0.034461602568626404,
    0.032442692667245865,
    0.030635425820946693,
    0.029034588485956192,
    0.027538228780031204,
    0.026178332045674324,
    0.024924261495471,
    0.023815685883164406,
    0.02279409021139145,
    0.021838000044226646,
    0.02097172476351261,
    0.020168514922261238,
    0.01947041042149067,
    0.01884143054485321,
    0.01822180487215519,
    0.01763898879289627,
    0.01709763891994953,
    0.016591563820838928,
    0.01608997769653797,
    0.015624305233359337,
    0.01517479121685028,
    0.014737075194716454,
    0.014328639023005962,
    0.01395011879503727
  ],
  "auc": [
    0.0,
    0.0,
    0.0,
    0.0,
    0.0,
    0.0,
    0.0,
    0.0,
    0.0,
    0.0,
    0.0,
    0.0,
    0.0,
    0.0,
    0.0,
    0.0,
    0.0,
    0.0,
    0.0,
    0.0,
    0.0,
    0.0,
    0.0,
    0.0,
    0.0,
    0.0,
    0.0,
    0.0,
    0.0,
    0.0,
    0.0,
    0.0,
    0.0,
    0.0,
    0.0,
    0.0,
    0.0,
    0.0,
    0.0,
    0.0,
    0.0,
    0.0,
    0.0,
    0.0,
    0.0,
    0.0,
    0.0,
    0.0,
    0.0,
    0.0
  ],
  "val_auc": [
    0.0,
    0.0,
    0.0,
    0.0,
    0.0,
    0.0,
    0.0,
    0.0,
    0.0,
    0.0,
    0.0,
    0.0,
    0.0,
    0.0,
    0.0,
    0.0,
    0.0,
    0.0,
    0.0,
    0.0,
    0.0,
    0.0,
    0.0,
    0.0,
    0.0,
    0.0,
    0.0,
    0.0,
    0.0,
    0.0,
    0.0,
    0.0,
    0.0,
    0.0,
    0.0,
    0.0,
    0.0,
    0.0,
    0.0,
    0.0,
    0.0,
    0.0,
    0.0,
    0.0,
    0.0,
    0.0,
    0.0,
    0.0,
    0.0,
    0.0
  ]
}