{
    "timestamp": "2025-03-15T23:38:34.443114",
    "metrics": {
        "accuracy": 1.0,
        "val_accuracy": 1.0,
        "loss": 0.012378532439470291,
        "val_loss": 0.010082571767270565,
        "auc": 0.0,
        "val_auc": 0.0
    },
    "training_duration": 50,
    "early_stopping": false,
    "convergence": {
        "final_epoch": 50,
        "best_val_loss": 0.010082571767270565,
        "best_val_accuracy": 1.0,
        "best_val_auc": 0.0
    }
}