{
    "timestamp": "2025-03-15T22:58:38.752193",
    "metrics": {
        "accuracy": 1.0,
        "val_accuracy": 1.0,
        "loss": 0.009443149901926517,
        "val_loss": 0.008055309765040874,
        "auc": 0.0,
        "val_auc": 0.0
    },
    "training_duration": 50,
    "early_stopping": false,
    "convergence": {
        "final_epoch": 50,
        "best_val_loss": 0.008055309765040874,
        "best_val_accuracy": 1.0,
        "best_val_auc": 0.0
    }
}