{
    "timestamp": "2025-03-15T21:11:30.499174",
    "metrics": {
        "accuracy": 1.0,
        "val_accuracy": 1.0,
        "loss": 0.015552959404885769,
        "val_loss": 0.013282264582812786,
        "auc": 0.0,
        "val_auc": 0.0
    },
    "training_duration": 50,
    "early_stopping": false,
    "convergence": {
        "final_epoch": 50,
        "best_val_loss": 0.013282264582812786,
        "best_val_accuracy": 1.0,
        "best_val_auc": 0.0
    }
}