{
    "timestamp": "2025-03-15T21:04:34.207140",
    "metrics": {
        "accuracy": 1.0,
        "val_accuracy": 1.0,
        "loss": 0.006500201765447855,
        "val_loss": 0.005781779997050762,
        "auc": 0.0,
        "val_auc": 0.0
    },
    "training_duration": 50,
    "early_stopping": false,
    "convergence": {
        "final_epoch": 50,
        "best_val_loss": 0.005781779997050762,
        "best_val_accuracy": 1.0,
        "best_val_auc": 0.0
    }
}