{
    "timestamp": "2025-03-15T22:18:23.390413",
    "metrics": {
        "accuracy": 1.0,
        "val_accuracy": 1.0,
        "loss": 0.014759151265025139,
        "val_loss": 0.012221120297908783,
        "auc": 0.0,
        "val_auc": 0.0
    },
    "training_duration": 50,
    "early_stopping": false,
    "convergence": {
        "final_epoch": 50,
        "best_val_loss": 0.012221120297908783,
        "best_val_accuracy": 1.0,
        "best_val_auc": 0.0
    }
}